whale_rate,true_conv_lift,method,reject_rate
0.0,0.0,welch,0.042
0.0,0.0,winsorized_p99,0.038
0.0,0.0,cuped,0.038
0.0,0.0,bootstrap,0.05
0.0,0.1,welch,0.196
0.0,0.1,winsorized_p99,0.348
0.0,0.1,cuped,0.196
0.0,0.1,bootstrap,0.21
0.001,0.0,welch,0.03
0.001,0.0,winsorized_p99,0.038
0.001,0.0,cuped,0.03
0.001,0.0,bootstrap,0.04
0.001,0.1,welch,0.124
0.001,0.1,winsorized_p99,0.346
0.001,0.1,cuped,0.124
0.001,0.1,bootstrap,0.21
0.005,0.0,welch,0.018
0.005,0.0,winsorized_p99,0.034
0.005,0.0,cuped,0.018
0.005,0.0,bootstrap,0.01
0.005,0.1,welch,0.048
0.005,0.1,winsorized_p99,0.334
0.005,0.1,cuped,0.05
0.005,0.1,bootstrap,0.07
0.01,0.0,welch,0.016
0.01,0.0,winsorized_p99,0.038
0.01,0.0,cuped,0.018
0.01,0.0,bootstrap,0.04
0.01,0.1,welch,0.038
0.01,0.1,winsorized_p99,0.328
0.01,0.1,cuped,0.046
0.01,0.1,bootstrap,0.08
